

CREATE TABLE `actor` (
  `id_actor` int NOT NULL,
  `name` varchar(40) CHARACTER SET utf8mb4 COLLATE utf8mb4_general_ci NOT NULL,
  `surname` varchar(50) CHARACTER SET utf8mb4 COLLATE utf8mb4_general_ci NOT NULL,
  `bdate` date NOT NULL,
  `male` varchar(10) CHARACTER SET utf8mb4 COLLATE utf8mb4_general_ci NOT NULL,
  `height` int NOT NULL,
  `img` varchar(40) CHARACTER SET utf8mb4 COLLATE utf8mb4_general_ci NOT NULL,
  `video` varchar(100) CHARACTER SET utf8mb4 COLLATE utf8mb4_general_ci NOT NULL
) ENGINE=InnoDB DEFAULT CHARSET=utf8mb3;

--
-- Дамп данных таблицы `actor`
--

INSERT INTO `actor` (`id_actor`, `name`, `surname`, `bdate`, `male`, `height`, `img`, `video`) VALUES
(1, 'Бред', 'Пітт', '1963-12-18', 'Чоловік', 180, 'pitt.jpg', 'https://www.youtube.com/embed/V1L0CTaTGRo'),
(2, 'Леонардо', 'Ді Капріо', '1974-11-11', 'Чоловік', 183, 'dicaprio.jpg', 'https://www.youtube.com/embed/xoVkQBtweh8'),
(3, 'Том', 'Круз', '1962-07-03', 'Чоловік', 170, 'cruise.jpg', 'https://www.youtube.com/embed/XiHiW4N7-bo'),
(4, 'Анджеліна', 'Джолі', '1975-06-04', 'Жінка', 174, 'jolie.jpg', 'https://www.youtube.com/embed/RbIPjTtVvXM'),
(5, 'Меган', 'Фокс', '1986-05-16', 'Жінка', 168, 'fox.jpg', 'https://www.youtube.com/embed/s8xFHoo1YMM'),
(6, 'Марго', 'Роббі', '1990-07-02', 'Жінка', 173, 'robbie.jpg', 'https://www.youtube.com/embed/KjICBHj1EzM'),
(7, 'Том', 'Хенкс', '1956-07-09', 'Чоловік', 183, 'hanks.jpg', 'https://www.youtube.com/embed/_TYRa6vxxb0'),
(8, 'Меттью', 'Мак-Конагей', '1969-12-04', 'Чоловік', 182, 'mcconaughey.jpg', 'https://www.youtube.com/embed/MgADFVAugiY'),
(9, 'Джордж', 'Клуні', '1961-05-06', 'Чоловік', 181, 'clooney.jpg', 'https://www.youtube.com/embed/Rgx6Lxggw4w'),
(10, 'Марлон', 'Брандо', '1924-04-03', 'Чоловік', 175, 'brando.jpg', 'https://www.youtube.com/embed/i96VS_z8y7g'),
(11, 'Аль', 'Пачіно', '1940-04-25', 'Чоловік', 179, 'pacino.jpg', 'https://www.youtube.com/embed/QqPUd0eI5yw'),
(12, 'Роберт', 'Де Ніро', '1943-08-17', 'Чоловік', 185, 'deniro.jpg', 'https://www.youtube.com/embed/sH5c-WeE07c'),
(13, 'Крістіан', 'Бейл', '1974-01-30', 'Чоловік', 194, 'bale.jpg', 'https://www.youtube.com/embed/aQvjJIlCzwU'),
(15, 'Джонні', 'Депп', '1963-06-09', 'Чоловік', 178, 'depp.jpg', 'https://www.youtube.com/embed/WOgKIlvjlQ8'),
(16, 'Раян', 'Гослінг', '1980-11-12', 'Чоловік', 184, 'gosling.jpg', 'https://www.youtube.com/embed/yuXGpUR7fXA');

-- --------------------------------------------------------

--
-- Структура таблицы `director`
--

CREATE TABLE `director` (
  `id_director` int NOT NULL,
  `name` varchar(40) CHARACTER SET utf8mb4 COLLATE utf8mb4_general_ci NOT NULL,
  `surname` varchar(50) CHARACTER SET utf8mb4 COLLATE utf8mb4_general_ci NOT NULL,
  `bdate` date NOT NULL,
  `img` varchar(40) CHARACTER SET utf8mb4 COLLATE utf8mb4_general_ci NOT NULL,
  `info` varchar(600) CHARACTER SET utf8mb4 COLLATE utf8mb4_general_ci NOT NULL
) ENGINE=InnoDB DEFAULT CHARSET=utf8mb3;

--
-- Дамп данных таблицы `director`
--

INSERT INTO `director` (`id_director`, `name`, `surname`, `bdate`, `img`, `info`) VALUES
(1, 'Крістофер', 'Нолан', '1970-07-30', 'nolan.jpg', 'Отримав перше визнання після виходу психологічного трилера Мементо (2000), композиція якого побудована на викривленнях часу. Це дало йому змогу зняти високобюджетний трилер Безсоння (2002) та драму Престиж (2006). Подальший успіх режисерові принесли трилогія Темний лицар (2005—2012), фільм про проникання в чужі сни Початок (2010), науково-фантастичний фільм Інтерстеллар (2014), військову драму Дюнкерк (2017) та науково-фантастичний бойовик Тенет (2020).'),
(2, 'Мартін', 'Скорсезе', '1942-11-17', 'scorsese.jpg', 'Він є засновником «Світового фонду кіно» та лауреатом премії Американського інституту кіномистецтва за внесок у кінематограф. Скорсезе є також лауреатом численних премій, серед яких «Оскар», «Золотий глобус», БАФТА та премія Гільдії кінорежисерів Америки.\r\n\r\nСеред найзначніших його робіт «Таксист», «Шалений бик», «Славетні хлопці», в яких він працював із Робертом Де Ніро. Скорсезе здобув премію «Оскар» в категорії найкращому режисеру за фільм «Відступники».'),
(3, 'Квентін', 'Тарантіно', '1963-03-27', 'tarantino.jpg', 'Фільми Тарантіно здобули успіх критиків і комерційних цілей, а також культові. Він отримав багато галузевих нагород, включаючи дві премії Оскар, дві премії BAFTA, чотири премії «Золотий глобус» і Золоту пальмову гілку, а також був номінований на «Еммі» та п\'ять «Греммі». У 2005 році він був включений до щорічного списку Time 100 найвпливовіших людей світу. Тарантіно отримав зірку на Голлівудській Алеї слави за його внесок у кіноіндустрію.\r\n\r\nРоботи Тарантіно були предметом суперечок, включаючи його зображення насильства та часте включення расистських образ.'),
(4, 'Стівен', 'Спілберг', '1946-12-18', 'spilberg.jpg', 'Найкасовіший режисер в історії світового кінематографу: його картини зібрали в прокаті понад 11 млрд доларів.\r\n\r\nТриразовий лауреат премії «Оскар». Постановник знакових і гучних картин «Щелепи», «Іншопланетянин», «Список Шиндлера», «Врятувати рядового Раяна», «Лінкольн», а також серії фільмів про археолога Індіану Джонса і двох фільмів «Парк юрського періоду». Продюсер культової трилогії науково-фантастичних фільмів «Назад у майбутнє».\r\n\r\nНа хвилі успіху саме його фільму («Щелепи») голлівудські блокбастери стали випускати в прокат влітку.'),
(5, 'Девід', 'Фінчер', '1962-08-28', 'fincher.jpg', 'Для фільмів Фінчера характерно вельми динамічне оповідання з безліччю потаємних ходів, різноманітні візуальні «примочки» і похмура кінематографія у стилістиці нео-нуару. Проблематика його картин часто виводить на питання про крихкість сімейних відносин і фатальне самовдоволення споживацького суспільства. У центрі багатьох його фільмів — неординарні персоналії, витіснені на узбіччя соціуму і які намагаються утвердитися в житті обхідними шляхами.'),
(6, 'Френсіс', 'Форд Коппола', '1939-04-07', 'ford_coppola.jpg', 'Після режисури фільму «Люди дощу» у 1969 році Коппола став співавтором фільму «Паттон» (1970), отримавши премію «Оскар» за найкращий оригінальний сценарій разом з Едмундом Х. Нортом. Репутація Копполи як режисера була закріплена з виходом фільму «Хрещений батько» (1972), який зробив революцію у створенні фільмів у жанрі гангстера і мав сильний комерційний і критичний відгук. «Хрещений батько» отримав три премії «Оскар»: найкращий фільм, найкращий актор та найкращий адаптований сценарій (спільний з Маріо П’юзо).'),
(7, 'Гай', 'Річі', '1968-09-10', 'ritchie.jpg', 'Річі покинув школу у віці 15 років і працював у кіноіндустрії. У 1995 році він зняв короткометражний фільм «Тяжка справа», а потім кримінальну комедію «Замок, запас і дві димлення» (1998), його повнометражний режисерський дебют. Він отримав визнання зі своїм другим фільмом «Вирванок» (2000), який отримав успіх у критиків і комерційний. Після Snatch Річі зняв «Зметану» (2002). Далі він зняв Revolver (2005) і RocknRolla (2008). У 2009 та 2011 роках він зняв два касових хіти, Шерлок Холмс та його продовження, Шерлок Холмс: Гра тіней відповідно.'),
(8, 'Роберт', 'Стромберг', '1988-07-15', 'stromberg.jpg', 'Роберт Стромберг — американський художник спецефектів, дизайнер і режисер. Заслуги Стромберга включають такі фільми, як «Аватар» Джеймса Кемерона, «Аліса в країні чудес» Тіма Бертона та «Оз, Великий і могутній» Сема Реймі, перші два принесли йому премію «Оскар» за найкращу художню режисуру. Фільм Діснея «Малефісента», переосмислення культового лиходія Діснея. DiscussingFilm повідомив, що він приєднався до фільму «Доктор Стрендж у Мультивсесвіті божевілля» як художник-постановник.'),
(9, 'Гор', 'Вербінскі', '1964-03-16', 'verbinsky.jpg', 'Гор Вербінські, Грегор Вербінський — американський режисер, продюсер, сценарист і музикант польського походження. Практично всі його фільми набули широкого розголосу і мають велику популярність, проте найвідомішою роботою режисера можна сміливо вважати трилогію «Пірати Карибського моря».');

-- --------------------------------------------------------

--
-- Структура таблицы `movie`
--

CREATE TABLE `movie` (
  `id_movie` int NOT NULL,
  `name` varchar(50) CHARACTER SET utf8mb4 COLLATE utf8mb4_general_ci NOT NULL,
  `year` year NOT NULL,
  `contry` varchar(20) CHARACTER SET utf8mb4 COLLATE utf8mb4_general_ci NOT NULL,
  `genre` varchar(50) CHARACTER SET utf8mb4 COLLATE utf8mb4_general_ci NOT NULL,
  `director` int NOT NULL,
  `actor` int NOT NULL,
  `timing` int NOT NULL,
  `trailer` varchar(100) CHARACTER SET utf8mb4 COLLATE utf8mb4_general_ci NOT NULL,
  `budget` int NOT NULL,
  `poster` varchar(20) CHARACTER SET utf8mb4 COLLATE utf8mb4_general_ci NOT NULL,
  `descr` varchar(500) CHARACTER SET utf8mb4 COLLATE utf8mb4_general_ci NOT NULL
) ENGINE=InnoDB DEFAULT CHARSET=utf8mb3;

--
-- Дамп данных таблицы `movie`
--

INSERT INTO `movie` (`id_movie`, `name`, `year`, `contry`, `genre`, `director`, `actor`, `timing`, `trailer`, `budget`, `poster`, `descr`) VALUES
(1, 'Вовк з Уолл-стріт', 2013, 'США', 'Біографічний, кримінальний', 2, 2, 180, 'https://www.youtube.com/watch?v=iszwuX1AK6A&t=44s&ab_channel=ParamountPictures', 100, 'img_volf.jpg', '1987 рік. Джордан Белфорт стає брокером в успішному інвестиційному банку. Однак, незабаром банк закривається після раптового обвалу індексу Доу-Джонса. За порадою дружини Терези Джордан влаштовується на роботу в невеликий заклад, що займається дрібними акціями. Його наполегливий стиль спілкування з клієнтами та природжена харизма швидко дає свої плоди. Він знайомиться з сусідом Донні, торговцем, який відразу знаходить спільну мову з Джорданом і вирішує відкрити з ним власну фірму.'),
(2, 'Джентльмени', 2019, 'Велика Британія', 'Кримінальна комедія', 7, 8, 113, 'https://www.youtube.com/watch?v=Ify9S7hj480&ab_channel=MovieclipsTrailers', 22, 'img_gentlemen.jpg', 'Мікі Пірсон, емігрант зі Сполучених Штатів, який закінчив Оксфордський університет, вирішив направити свій блискучий розум на створення неймовірно прибуткової бізнес-імперії. Схема вийшла ну дуже вдалою, пора б і продати її якимось грошовим мішкам із Оклахоми. Ось тут-то Пірсона й наздогнав справжній кримінальний світ Англії з його чарівними джентльменами, кожен із яких хотів би встати на шляху в Мікі.'),
(3, 'Інтерстеллар', 2014, 'США', 'Наукова фантастика', 1, 8, 169, 'https://www.youtube.com/watch?v=zSWdZVtXT7E&ab_channel=WarnerBros.UK%26Ireland', 165, 'img_interstellar.jpg', 'Події фільму починаються в недалекому майбутньому — Земля вже не в змозі підтримувати людство, пилові бурі винищують ґрунти, відбувається регрес сучасного суспільства до аграрного. Купер, колишній льотчик-випробувач NASA і інженер, повертається на ферму до своєї сім\'ї: сина Тома, 10-річної дочки Мерфі та батька його померлої дружини Дональда. Мерфі вважає, що в їхньому будинку є привид, який намагається спілкуватися з нею.'),
(4, 'Одинадцять друзів Оушена', 2001, 'США', 'Трилер, кримінальний', 4, 9, 116, 'https://www.youtube.com/watch?v=imm6OR605UI&ab_channel=MovieStation', 85, 'img_11.jpg', 'Після виходу з в\'язниці злодія Денні Оушена не минуло й 24 годин, а він вже планує організувати найскладніше пограбування казино в історії. Він хоче викрасти 150 млн доларів з трьох найбільших казино Лас-Вегаса. Всі ці казино належать елегантному і в той же час суворому бізнесмену Террі Бенедикту.\r\nВсього за одну ніч Денні підбирає команду «спеціалістів», здатних здійснити цей зухвалий замах. У нього в команді першокласний шулер, молодий кишеньковий злодій та геніальний руйнівник.'),
(5, 'Врятувати рядового Раяна', 1998, 'США', 'Драма', 4, 7, 170, 'https://www.youtube.com/watch?v=9CiW_DgxCnQ&ab_channel=MovieclipsClassicTrailers', 70, 'img_ryan.jpg', 'Під час Другої світової війни у військовому департаменті одна з друкарок, що набирала повідомлення про смерть солдатів, виявляє, що одна із сімей отримає відразу три повідомлення в один день — три брати майже одночасно загинули в бою. Щоб хоч якось втішити горем вбиту матір загиблих синів, командувач генерал наказує вивезти на батьківщину останнього, молодшого брата, рядового Джеймса Френсіса Раяна що висадилися десь на узбережжі Франції.'),
(6, 'Початок', 2010, 'США', 'Фантастика, трилер, детектив', 1, 2, 148, 'https://www.youtube.com/watch?v=YoHD9XEInc0&t=72s&ab_channel=MovieclipsClassicTrailers', 160, 'img_inception.jpg', 'Головна ідея фільму схована у назві фільму: \"Укорінення\" (Inception) — це процес зародження ідеї, переміщення її в чужу підсвідомість. Нам показують, як легко і як неконтрольовано, зі складними, катастрофічними наслідками для свідомості і долі людини відбувається укорінення чужих ідей.\r\nТакож зустрічаються такі ідеї:\r\nідея реальності довкілля (що реальне: сон чи не-сон, згадаємо першу зустріч із Хіміком :\r\nідея життєвого орієнтиру (діти головного героя як тотем-\"дзига\" і маяк у його житті).'),
(7, 'Острів проклятих', 2010, 'США', 'Психологічний трилер, детектив', 2, 2, 138, 'https://www.youtube.com/watch?v=5iaYLCiq5RM&ab_channel=watchCulturetainment', 80, 'img_shutter.jpg', 'Дія картини розгортається у середині 60-х років минулого століття США. Федеральний маршал Тедді Деніелс разом зі своїм напарником Чаком Оулом вирушає на закритий острів Шаттер, для розслідування втечі. На території острова знаходиться засекречена і клініка, що добре охороняється, в якій відбувають висновок найбільші і непередбачувані душевнохворі. Федеральний маршал намагається з\'ясувати, як це вдалося. А тут ще й сильний ураган, який повністю відрізав від великої землі.'),
(8, 'Чаклунка', 2014, 'США', 'Пригоди, драма', 8, 4, 97, 'https://www.youtube.com/watch?v=n0OFH4xpPr4&ab_channel=WaltDisneyStudios', 180, 'img_chakl.jpg', 'Малефісента, юна крилата фея, мирно жила в магічному лісі, доки не зустріла хлопчика на ім\'я Стефан. Між ними відразу ж виникає взаємна дружба, яка згодом переростає у справжнє кохання. Однак хлопець зраджує фею заради можливості одружитися з дочкою короля, після чого Малефісента стає запеклим. Коли Стефан стає королем і в нього з\'являється дочка, фея вирішує помститися колишньому коханому за зраду, наклавши на юну Аврору прокляття.'),
(9, 'Одного разу в… Голлівуді', 2019, 'США', 'Комедія-драма', 3, 2, 159, 'https://www.youtube.com/watch?v=ELeMaP8EPAA&ab_channel=SonyPicturesEntertainment', 95, 'img_hollywood.jpg', 'Події розгортаються в Лос-Анджелесі в 1969 році навколо Ріка Далтона - популярного в минулому актора, який опинився на узбіччі кіноіндустрії, та його дублера-каскадера Кліффа - безтурботного чоловіка, готового підтримати колегу та старого друга у критичній ситуації. Кліфф возить Ріка на прослуховування та піклується про його будинок. А в той же час поряд з особняком Далтона розгортається справжня голлівудська історія успіху.'),
(10, 'Безславні виродки', 2009, 'Німеччина', 'Альтернативна історія', 3, 1, 153, 'https://www.youtube.com/watch?v=KnrRy6kSFF0&ab_channel=MovieclipsClassicTrailers', 70, 'img_basterds.jpg', 'У 1941 році німецький офіцер Ганс Ланда, який має прізвисько «Мисливець за євреями», навідався на молочну ферму. Розстрілявши всіх членів єврейської сім\'ї, він дозволив втекти Шошанні.\r\nЧерез три роки на завершальному етапі Другої світової війни американський лейтенант Альдо Рейн набирає групу солдатів для проникнення на територію окупованої Франції для проведення диверсійних операцій. Паралельно з цим Шошанна задумує влаштувати пожежу на прем\'єрному показі німецького патріотичного фільму.'),
(11, 'Хрещений батько', 1972, 'США', 'Гангстерська драма', 6, 10, 175, 'https://www.youtube.com/watch?v=sY1S34973zA&t=13s&ab_channel=Fan-MadeFilmTrailers', 6, 'img_godfather.jpg', 'Культова картина знята за однойменним романом. Надворі 1945 рік. У центрі сюжету сицилійська мафіозна родина Корлеоне, яка має жорсткі кримінальні позиції у Нью-Йорку. Глава сімейства Віто Корлеоне - дуже відома і шанована людина у злочинному світі, яка живе за старими законами та традиціями. Але час іде, часи змінюються, і одного разу Корлеоне пропонують відійти від його принципів і зайнятися наркобізнесом. Само собою він відмовляється, і незабаром на нього роблять замах.'),
(12, 'Хрещений батько 2', 1974, 'США', 'Гангстерська драма', 6, 11, 200, 'https://www.youtube.com/watch?v=9O1Iy9od7-A&ab_channel=ParamountMovies', 13, 'img_godfather2.jpg', 'Картина продовжує розповідати про мафіозне сімейство Корлеона. Сюжет фільму поділяється на дві лінії, одна з яких продовжує події, показані в першій частині фільму, а друга розповідає про ранні роки життя Віто Корлеона.\r\nМайбутній глава одного з найсильніших мафіозних кланів, Віто Андоліні, народився 1891 року в невеликому сицилійському містечку Корліоні, що в провінції Палермо. Незважаючи на життєві труднощі та перепони, Віто зміг вибитися в люди і стати шановною людиною.'),
(13, 'Ірландець', 2019, 'США', 'Драма, біографія', 2, 12, 209, 'https://www.youtube.com/watch?v=WHXxVmeGQUc&ab_channel=Netflix', 140, 'img_irishman.jpg', 'Картина розповість історію життя Френка Ширана на прізвисько Ірландець. Він починав працювати водієм і перевозив у вантажівках м\'ясо, але незабаром зрозумів, що може заробляти більше, якщо робитиме доставки місцевим гангстерам. Так він зустрічає кримінального авторитету Рассела Буфаліно і незабаром вступає до його угруповання. Після того, як профспілка водіїв допомагає Френку уникнути кримінального звинувачення, той знайомиться із Джиммі Хоффою.'),
(14, 'Великий куш', 2000, 'Велика Британія', 'Кримінальний фільм, чорний гумор', 7, 1, 104, 'https://www.youtube.com/watch?v=9Jar2XkBboo&ab_channel=MovieclipsClassicTrailers', 10, 'img_snatch.jpg', 'Внаслідок пограбування вдається викрасти один із найдорожчих діамантів у світі. Чотирьохпалому Френкі належить переправити вкрадений камінь своєму босу до США. Проте крадіжка такої дрібниці не могла не привернути сторонньої уваги. Відвідавши підпільний боксерський поєдинок, і зробивши там ставку, Френкі з головою занурюється у вир негативних подій. Навколо героя розгортаються справжнісінькі інтриги, в яких беруть участь найрізноманітніші персонажі, і кожен з них мріє зірвати «великий куш».'),
(15, 'Темний лицар', 2008, 'США', 'Бойовик, фантастика, драма', 1, 13, 152, 'https://www.youtube.com/watch?v=EXeTwQWrcwY&ab_channel=MovieclipsClassicTrailers', 185, 'img_dark.jpg', 'Герой фільму Брюс Уейн, він же Бетмен, збирається покінчити з таємним життям, розуміючи, що місто насправді потребує не «Темного лицаря». У цей час над Готемом нависає чергова загроза в особі злочинця на прізвисько Джокер. Життя Вейна і Дента змінюється кардинально, адже новий ворог дуже хитрий і розумний, і здатний випустити назовні темне нутро обох героїв.'),
(17, 'Пірати Карибського моря', 2003, 'США', 'Бойовик, комедія, пригоди, фантастика', 9, 15, 143, 'https://www.youtube.com/watch?v=naQr0uTrH_s&ab_channel=MovieclipsClassicTrailers', 140, 'img_pirr.jpg', 'Піратське судно «Чорна перлина» чинить зухвалий напад на Порт-Ройал, викрадаючи, серед іншого, дочку губернатора. У гонитву за морськими авантюристами вирушає Вілл Тернер, змушений укласти тимчасовий союз із колишнім капітаном Перлини - піратом Джеком Горобцем. Захопивши найшвидший корабель Британії, вони починають небезпечну подорож. У той же час наречений викраденої Елізабет, бравий коммодор Норрінгтон, поспішає врятувати свою кохану.');

-- --------------------------------------------------------

--
-- Структура таблицы `response`
--

CREATE TABLE `response` (
  `id_response` int NOT NULL,
  `user` int NOT NULL,
  `film` int NOT NULL,
  `text` longtext CHARACTER SET utf8mb4 COLLATE utf8mb4_general_ci NOT NULL
) ENGINE=InnoDB DEFAULT CHARSET=utf8mb3;

--
-- Дамп данных таблицы `response`
--

INSERT INTO `response` (`id_response`, `user`, `film`, `text`) VALUES
(3, 9, 1, 'Тригодинна драма Мартіна Скорсезе, зізнатися, зацікавила мене ще задовго до виходу. Історія фінансового генія, буквального втілення горезвісної американської мрії Джордана Белфорта не могла стати пересічною подією у світі кінематографа! І я не помилилася у своїх очікуваннях!'),
(4, 10, 1, 'Якоюсь мірою цей фільм про жадібність, самолюбування та егоїзм. Всі персонажі дбають тільки про себе і їм абсолютно начхати на те, що відбувається навколо. Фільм певною мірою повчальний. Творці показують усі найнепривабливіші сторони життя багатіїв, які вже зажерлися. Все це можна сприймати з гумором, а висновки робити все одно доведеться.'),
(9, 9, 2, 'Гай Річі знову зняв фільм своєю манерою, але оригінальною її вже не назвати. Просто кіно про крутих кримінальних хлопців, яких виконують як на підбір досить відомі голлівудські зірки. І все у цьому дійстві налагоджено, подано під соусом пафосу та легкої іронії.');

-- --------------------------------------------------------

--
-- Структура таблицы `user`
--

CREATE TABLE `user` (
  `id_user` int NOT NULL,
  `name` varchar(40) CHARACTER SET utf8mb4 COLLATE utf8mb4_general_ci NOT NULL,
  `surname` varchar(50) CHARACTER SET utf8mb4 COLLATE utf8mb4_general_ci NOT NULL,
  `bdate` date NOT NULL,
  `login` varchar(20) CHARACTER SET utf8mb4 COLLATE utf8mb4_general_ci NOT NULL,
  `pass` varchar(80) CHARACTER SET utf8mb4 COLLATE utf8mb4_general_ci NOT NULL
) ENGINE=InnoDB DEFAULT CHARSET=utf8mb3;

--
-- Дамп данных таблицы `user`
--

INSERT INTO `user` (`id_user`, `name`, `surname`, `bdate`, `login`, `pass`) VALUES
(9, 'Alex', 'Smith', '1999-11-11', 'alex789', '9cbc08a1464058518fa436acb4b7906e'),
(10, 'Влад', 'Васільєв', '2003-11-12', 'tmid44', 'aeba0e30e2db68d5437632e6c35e07a7'),
(17, 'Олександр', 'Галашевський', '2004-06-01', 'attent1on', 'e3f6f7bc789202f864b1f436f0cb3103'),
(18, 'Аріан', 'Тарашевський', '2003-01-06', 'arian_tyt', '7758405b867f00c4a85b1e6e32e07945'),
(19, 'Максім', 'Шевчишен', '2003-03-17', 'kent228', 'd29e0a154fa3f4edd48a48f6572492b8'),
(20, 'Joe', 'Barbaro', '1975-04-17', 'joe111', '14583eb6e84fc50331ae693107ca33d1'),
(21, 'Олександр', 'Пастушенко', '2004-03-18', 'pastuh00', '2139ba483b59caefe1bc4628c8ade136'),
(22, 'Андрій', 'Шелест', '2004-03-21', 'dron_io', '700864dc573264dc2ea26249ce8c03d4'),
(23, 'Назар', 'Палагін', '2004-04-24', 'crash880', 'cc2a6440d89bada672586d050110180a');

--
-- Индексы сохранённых таблиц
--

--
-- Индексы таблицы `actor`
--
ALTER TABLE `actor`
  ADD PRIMARY KEY (`id_actor`);

--
-- Индексы таблицы `director`
--
ALTER TABLE `director`
  ADD PRIMARY KEY (`id_director`);

--
-- Индексы таблицы `movie`
--
ALTER TABLE `movie`
  ADD PRIMARY KEY (`id_movie`),
  ADD KEY `director` (`director`),
  ADD KEY `actor` (`actor`);

--
-- Индексы таблицы `response`
--
ALTER TABLE `response`
  ADD PRIMARY KEY (`id_response`),
  ADD KEY `film` (`film`),
  ADD KEY `user` (`user`);

--
-- Индексы таблицы `user`
--
ALTER TABLE `user`
  ADD PRIMARY KEY (`id_user`);

--
-- AUTO_INCREMENT для сохранённых таблиц
--

--
-- AUTO_INCREMENT для таблицы `actor`
--
ALTER TABLE `actor`
  MODIFY `id_actor` int NOT NULL AUTO_INCREMENT, AUTO_INCREMENT=17;

--
-- AUTO_INCREMENT для таблицы `director`
--
ALTER TABLE `director`
  MODIFY `id_director` int NOT NULL AUTO_INCREMENT, AUTO_INCREMENT=10;

--
-- AUTO_INCREMENT для таблицы `movie`
--
ALTER TABLE `movie`
  MODIFY `id_movie` int NOT NULL AUTO_INCREMENT, AUTO_INCREMENT=18;

--
-- AUTO_INCREMENT для таблицы `response`
--
ALTER TABLE `response`
  MODIFY `id_response` int NOT NULL AUTO_INCREMENT, AUTO_INCREMENT=10;

--
-- AUTO_INCREMENT для таблицы `user`
--
ALTER TABLE `user`
  MODIFY `id_user` int NOT NULL AUTO_INCREMENT, AUTO_INCREMENT=24;

--
-- Ограничения внешнего ключа сохраненных таблиц
--

--
-- Ограничения внешнего ключа таблицы `movie`
--
ALTER TABLE `movie`
  ADD CONSTRAINT `movie_ibfk_1` FOREIGN KEY (`director`) REFERENCES `director` (`id_director`) ON DELETE CASCADE ON UPDATE CASCADE,
  ADD CONSTRAINT `movie_ibfk_2` FOREIGN KEY (`actor`) REFERENCES `actor` (`id_actor`) ON DELETE CASCADE ON UPDATE CASCADE;

--
-- Ограничения внешнего ключа таблицы `response`
--
ALTER TABLE `response`
  ADD CONSTRAINT `response_ibfk_1` FOREIGN KEY (`film`) REFERENCES `movie` (`id_movie`) ON DELETE CASCADE ON UPDATE CASCADE,
  ADD CONSTRAINT `response_ibfk_2` FOREIGN KEY (`user`) REFERENCES `user` (`id_user`) ON DELETE CASCADE ON UPDATE CASCADE;
COMMIT;

/*!40101 SET CHARACTER_SET_CLIENT=@OLD_CHARACTER_SET_CLIENT */;
/*!40101 SET CHARACTER_SET_RESULTS=@OLD_CHARACTER_SET_RESULTS */;
/*!40101 SET COLLATION_CONNECTION=@OLD_COLLATION_CONNECTION */;
